repository_created_at,repository_pushed_at
2010-07-31 18:54:46,2012-03-06 15:17:58
2012-04-30 15:46:32,2012-04-30 16:01:35
2011-12-16 21:39:56,2012-02-28 15:05:32
2012-04-09 21:16:31,2012-04-11 01:05:27
2012-04-24 00:18:09,2012-04-30 14:32:56
2011-08-22 04:42:14,2012-04-29 09:03:03
2011-08-22 04:42:14,2012-04-29 09:03:03
2012-02-15 16:26:22,2012-04-29 16:25:39
2012-04-23 11:52:36,2012-04-27 09:16:52
2012-04-30 15:18:41,2012-04-30 16:01:32
2012-04-28 21:58:28,2012-04-30 16:01:32
2012-04-19 06:17:12,2012-04-30 16:01:42
2009-06-06 17:17:01,2011-02-15 16:30:22
2012-02-12 18:18:07,2012-03-27 22:23:26
2010-12-20 18:27:43,2012-02-19 22:03:01
2012-04-03 17:55:10,2012-04-30 16:01:38
2011-11-20 07:22:56,2012-04-30 16:01:39
2012-04-28 20:48:37,2012-04-30 15:29:13
2011-10-13 15:58:58,2012-04-30 16:01:37
2011-10-13 15:58:58,2012-04-30 16:01:37
2011-12-21 15:10:37,2012-04-06 19:01:26
2009-10-14 04:13:13,2010-12-27 08:39:12
2012-04-21 23:28:59,2012-04-30 16:01:46
2012-04-29 22:17:48,2012-04-30 16:01:48
2012-04-29 12:58:30,2012-04-30 16:01:48
2011-09-23 18:46:12,2012-04-30 16:01:46
2012-02-19 18:55:43,2012-04-29 16:57:18
2012-04-13 19:40:23,2012-04-30 16:01:47
2012-04-30 15:40:12,2012-04-30 16:01:45
2011-10-19 13:11:11,2012-04-30 16:01:44
2012-04-22 15:03:33,2012-04-30 16:01:45
2012-04-30 15:19:53,2012-04-30 16:01:42
2012-04-15 20:24:07,2012-04-30 16:01:44
2012-04-29 19:19:51,2012-04-30 16:01:43
2012-04-27 21:53:40,2012-04-30 16:01:55
2011-10-31 14:28:45,null
2012-04-23 20:50:15,2012-04-30 16:01:51
2012-04-23 19:58:26,2012-04-30 16:01:52
2012-03-09 11:31:03,2012-04-30 16:01:53
2012-01-22 06:26:41,2012-04-30 16:01:53
2012-04-23 19:58:26,2012-04-30 16:01:52
2012-04-23 20:50:15,2012-04-30 16:01:51
2012-03-29 14:46:05,2012-04-30 16:01:51
2010-12-08 04:12:27,2012-04-30 16:01:50
2011-09-29 13:12:23,2012-04-27 19:40:39
2010-03-19 03:05:41,2012-04-26 06:24:52
2011-09-20 00:34:41,2012-04-30 16:01:56
2012-04-30 16:02:00,2012-04-30 16:02:00
2011-07-20 17:51:25,2012-04-23 17:19:52
2010-05-06 22:59:40,2010-05-06 23:00:35
2012-04-30 15:31:41,2012-04-30 16:01:59
2008-10-21 07:50:26,2012-04-30 12:22:40
2012-04-30 14:51:09,2012-04-30 14:55:49
2010-04-30 20:37:14,2012-04-30 10:57:17
2012-02-28 05:16:42,2012-04-25 14:32:14
2012-04-30 13:09:05,2012-04-30 16:01:58
2010-02-12 20:02:33,2012-04-30 16:01:55
2011-07-01 10:31:10,2012-04-30 16:01:55
2011-12-12 15:31:27,2012-04-30 16:01:53
2012-04-30 14:18:09,2012-04-30 16:02:07
2012-04-13 14:19:59,2012-04-30 16:02:05
2011-10-22 22:24:39,2012-04-21 03:10:38
2012-04-30 16:02:04,2012-04-30 16:02:05
null,null
2011-10-22 22:24:39,2012-04-21 03:10:38
2009-03-05 18:28:43,2011-05-09 01:00:18
2010-11-22 18:50:35,2012-04-01 21:03:47
2010-11-22 18:50:35,2012-04-01 21:03:47
2012-04-19 09:26:01,2012-04-27 03:35:32
2011-12-31 09:13:47,2012-04-27 17:16:29
2010-04-01 16:41:19,2012-04-30 16:02:10
2011-06-07 11:29:38,2012-04-30 16:02:08
2010-05-31 11:42:06,2012-04-30 16:02:15
2012-04-26 01:47:06,2012-04-30 16:02:16
2010-11-04 19:06:17,2012-04-30 14:41:12
2012-02-15 11:57:19,2012-04-30 16:02:13
2011-09-17 09:58:01,2012-04-30 16:02:13
null,null
2011-04-21 07:01:50,2012-04-30 12:50:18
2012-02-20 18:30:13,2012-04-30 16:02:23
2012-04-21 14:39:38,2012-04-30 12:34:38
2011-11-23 14:27:05,2012-04-30 16:02:22
2012-04-28 07:54:49,2012-04-30 16:02:22
2011-08-11 14:03:08,2012-04-30 13:55:56
null,null
2011-12-05 15:24:19,2012-04-25 09:14:23
2012-04-21 14:39:38,2012-04-30 12:34:38
2011-12-08 13:57:57,2012-04-30 16:02:28
2011-11-10 18:42:17,2012-04-30 15:51:29
2012-03-08 16:01:38,2012-04-30 16:02:25
2011-10-15 02:11:33,null
2012-04-29 17:13:32,2012-04-30 16:02:25
2011-08-26 20:11:30,2012-04-21 15:23:59
2012-03-16 17:02:57,2012-04-30 16:02:25
2012-04-16 03:56:03,2012-04-30 16:02:24
2011-04-28 07:17:04,2012-01-03 23:14:59
2011-10-27 21:49:57,2012-04-27 16:10:05
2011-09-16 19:10:06,2012-04-27 20:46:46
2012-03-20 17:55:14,2012-04-30 16:02:40
2012-03-09 08:54:38,2012-04-30 15:43:06
2012-04-24 15:09:12,2012-04-30 16:02:38
null,null
2012-04-30 16:02:37,2012-04-30 16:02:37
2012-04-30 15:49:09,2012-04-30 15:49:09
2011-06-19 14:06:02,2012-04-17 20:36:30
null,null
2012-04-15 20:36:26,2012-04-30 16:02:35
2011-09-08 16:50:23,2012-04-30 16:02:35
2012-02-10 21:03:35,2012-04-30 15:59:35
null,null
2012-04-30 14:10:46,2012-04-30 16:02:35
2012-04-23 17:49:58,2012-04-30 16:02:34
2011-11-17 16:43:10,2012-04-30 16:02:33
2011-12-16 19:04:58,2012-04-30 16:02:27
2011-12-17 17:25:59,2012-04-30 16:02:32
2012-03-18 04:38:42,2012-04-26 22:20:25
2011-12-06 16:48:30,2012-04-30 16:02:31
2012-04-29 16:39:41,2012-04-29 17:13:54
null,null
2012-01-12 16:11:49,2012-04-30 16:02:53
2011-04-21 07:01:50,2012-04-30 12:50:18
2012-04-25 18:04:32,2012-04-28 14:16:45
2011-12-01 14:27:55,2012-04-30 16:02:48
2011-12-16 19:04:58,2012-04-30 16:02:49
2012-03-08 16:01:38,2012-04-30 16:02:47
2012-04-30 14:54:39,2012-04-30 16:02:48
2011-01-18 16:04:21,2012-04-30 13:58:24
2012-01-19 22:17:25,2012-04-30 16:02:47
2012-04-29 16:59:13,2012-04-30 16:02:47
2012-03-29 21:06:29,2012-04-30 16:02:47
2012-03-02 18:09:33,2012-04-30 16:02:47
2011-09-06 21:38:27,2012-04-18 20:41:26
2012-04-29 07:01:10,2012-04-30 15:40:27
2012-01-04 06:46:35,2012-04-30 07:51:08
2012-04-20 14:47:21,2012-04-30 16:02:46
2010-10-27 11:17:20,2012-04-30 16:02:46
2011-02-24 14:01:53,2011-10-18 15:55:44
2011-06-02 04:27:27,2012-04-30 15:56:50
2010-11-22 18:50:35,2012-04-01 21:03:47
2012-04-30 15:54:37,2012-04-30 16:02:43
2008-04-11 02:19:47,2012-04-30 16:00:49
2012-04-30 11:52:31,2012-04-30 14:45:50
2012-02-27 04:24:37,2012-04-30 16:02:37
null,null
2012-02-15 21:11:59,2012-04-30 16:03:02
2012-04-29 16:39:41,2012-04-29 17:13:54
2012-04-30 11:38:29,2012-04-30 14:21:14
2012-04-30 15:12:22,2012-04-30 16:03:03
2012-04-29 12:58:30,2012-04-30 16:03:02
2010-02-09 01:14:06,2012-04-27 16:58:17
2010-11-04 19:06:17,2012-04-30 14:41:12
2011-11-17 04:52:08,2012-04-30 16:02:57
2011-09-17 23:02:10,2012-04-25 08:37:30
2011-06-17 12:57:24,2012-04-30 15:09:30
2012-04-29 22:17:48,2012-04-30 16:02:58
2012-04-22 15:03:33,2012-04-30 16:02:57
2012-04-30 14:54:26,2012-04-30 16:02:57
2011-05-08 20:14:31,2012-04-28 22:57:22
2011-12-12 15:31:27,2012-04-30 16:03:05
2011-05-04 10:20:25,2012-04-21 10:46:11
2012-03-30 22:40:00,2012-04-30 16:03:07
2008-04-11 02:19:47,2012-04-30 16:00:49
2012-04-30 05:54:28,2012-04-30 16:03:06
2008-04-11 02:19:47,2012-04-30 16:00:49
2012-04-10 22:51:37,2012-04-30 16:03:13
2009-09-19 11:19:13,2009-12-03 11:47:43
2012-04-30 14:03:33,2012-04-30 16:03:12
2012-04-30 11:33:58,2012-04-30 16:03:12
2012-02-21 12:46:42,2012-04-30 16:03:10
2012-04-23 16:46:56,2012-04-30 16:03:19
2012-04-30 11:01:01,2012-04-30 16:03:18
2011-03-11 17:57:12,2012-04-30 16:03:18
2012-04-29 17:13:32,2012-04-30 16:03:18
2012-04-03 19:19:53,2012-04-30 16:03:17
2012-04-13 19:40:23,2012-04-30 16:03:16
2011-02-23 22:07:20,2012-04-30 16:03:14
2012-01-29 03:56:10,2012-03-20 12:44:18
2010-12-09 11:00:48,2012-04-30 16:03:13
2012-04-30 01:12:21,2012-04-30 16:03:14
2012-04-30 16:03:25,2012-04-30 16:03:25
2012-04-25 17:51:24,2012-04-30 16:03:23
2011-05-11 12:38:49,2012-04-30 16:03:24
2012-04-24 15:34:15,2012-04-30 16:03:24
2011-08-22 04:42:14,2012-04-29 09:03:03
2012-04-27 22:08:55,2012-04-30 16:03:22
2012-04-30 16:03:23,2012-04-30 16:03:24
2012-04-27 22:08:55,2012-04-30 16:03:22
2012-04-13 21:56:39,2012-04-27 20:51:06
2010-07-09 09:53:12,2012-04-30 16:03:22
2009-09-09 04:55:16,2012-04-28 03:52:59
2011-09-21 15:18:03,2011-09-21 15:20:35
2012-04-22 19:40:59,2012-04-30 16:03:21
null,null
2011-12-16 21:39:56,2012-02-28 15:05:32
2011-12-16 21:39:56,2012-02-28 15:05:32
2011-01-20 14:10:05,2012-02-02 09:46:47
2011-10-03 21:07:13,2012-04-30 16:03:30
2011-01-14 00:51:04,2012-04-30 15:59:16
2011-12-06 16:48:30,2012-04-30 16:03:29
2011-03-31 20:26:03,2012-04-30 16:03:27
2012-03-12 08:02:21,2012-04-30 16:03:26
2010-02-16 10:42:09,2012-04-30 16:03:26
2011-04-18 15:07:41,2012-04-26 18:57:15
2012-04-27 09:57:13,2012-04-30 16:03:26
2012-03-21 08:52:16,2012-04-30 16:03:35
2012-04-27 07:29:47,2012-04-30 16:03:35
2012-04-30 13:46:06,2012-04-30 16:03:35
2011-01-14 00:51:04,2012-04-30 15:59:16
2011-02-18 13:13:57,2012-04-30 16:03:34
2012-04-21 04:58:37,2012-04-30 16:03:33
2012-04-21 01:04:25,2012-04-21 01:06:20
2012-04-29 03:21:50,2012-04-30 16:03:33
2011-10-27 21:49:57,2012-04-27 16:10:05
2009-03-21 22:32:25,2012-04-30 10:28:18
2012-04-09 20:51:15,2012-04-30 16:03:39
2011-04-21 07:01:50,2012-04-30 12:50:18
2011-08-11 14:03:08,2012-04-30 13:55:56
2010-08-27 02:04:16,2012-03-06 05:42:12
2010-05-10 04:46:06,2012-04-30 06:53:21
2011-11-19 21:55:33,2012-04-30 16:03:22
null,null
2010-02-12 20:02:33,2012-04-30 16:01:55
2010-02-12 20:02:33,2012-04-30 16:01:55
null,null
2012-03-15 15:24:14,2012-04-30 15:52:38
2011-02-02 01:25:35,2012-04-30 16:03:41
2012-04-28 16:19:44,2012-04-30 14:54:57
2012-02-13 10:32:16,2012-04-30 16:03:51
2012-04-25 16:46:43,2012-04-30 16:03:50
2012-04-01 06:59:02,2012-04-30 16:03:51
null,null
null,null
2012-04-26 19:38:54,2012-04-30 16:03:47
2011-06-24 12:33:35,2012-04-30 10:13:57
2011-02-09 17:50:09,2012-04-20 20:25:27
2011-02-09 17:50:09,2012-04-20 20:25:27
2010-03-23 18:58:01,2012-04-30 13:08:07
2012-04-25 16:10:26,2012-04-30 15:04:49
2012-04-29 01:09:49,2012-04-30 16:03:58
2012-01-19 22:17:25,2012-04-30 16:03:56
2011-10-04 08:54:32,2012-04-30 13:17:22
2011-12-12 18:06:15,2012-04-30 16:03:57
2011-12-12 18:06:15,2012-04-30 16:03:57
2011-10-27 11:32:26,2012-04-30 16:03:56
2012-04-30 14:55:09,2012-04-30 16:03:56
2012-03-28 16:38:27,2012-04-30 16:03:56
null,null
2012-04-23 17:49:58,2012-04-30 16:03:56
2012-04-23 15:45:44,2012-04-30 16:04:06
2012-04-30 16:04:06,2012-04-30 16:04:06
2012-04-29 22:07:08,2012-04-30 16:04:06
2012-04-13 19:40:23,2012-04-30 16:04:04
2012-04-10 20:26:33,2012-04-30 15:36:54
2010-09-30 19:41:28,2012-04-30 14:21:16
2011-11-01 22:53:07,2012-04-30 15:33:10
2012-04-17 16:52:26,2012-04-30 16:04:02
2010-09-30 19:41:28,2012-04-30 14:21:16
2012-02-20 11:12:54,2012-02-28 00:27:19
2012-04-30 16:02:00,2012-04-30 16:04:12
2011-07-01 17:22:38,2012-04-30 16:04:10
null,null
2012-04-16 04:50:13,2012-04-30 13:36:46
null,null
2010-01-26 19:33:59,2012-04-30 16:04:08
2012-04-30 16:03:25,2012-04-30 16:04:09
2011-10-25 10:31:02,2012-04-28 11:31:19
2008-06-10 06:51:30,2012-04-30 16:04:17
2012-03-19 00:09:41,2012-04-30 16:04:17
2012-03-22 20:14:26,2012-04-30 16:04:17
2011-01-20 14:10:05,2012-02-02 09:46:47
2012-04-10 22:51:37,2012-04-30 16:04:17
2012-04-30 14:03:33,2012-04-30 16:04:17
2011-03-11 17:57:12,2012-04-30 16:04:15
2012-04-30 16:03:23,2012-04-30 16:04:17
2011-09-26 16:21:23,2012-04-30 16:04:16
2009-02-16 03:19:48,2012-02-28 22:51:27
2009-05-08 18:16:50,2012-04-30 16:04:12
2012-04-30 15:09:32,2012-04-30 16:04:13
2012-02-15 11:57:19,2012-04-30 16:04:24
2011-11-16 15:02:44,2012-04-12 10:44:46
2011-07-18 14:35:30,2012-04-30 16:04:22
2012-04-06 03:26:36,2012-04-30 16:04:16
2012-03-20 10:46:41,2012-04-30 16:04:20
2011-09-03 01:38:46,2012-04-30 10:45:58
2012-04-27 22:08:55,2012-04-30 16:04:30
2012-04-20 14:55:08,2012-04-30 16:04:30
null,null
2012-01-29 09:45:50,2012-04-30 16:04:28
2010-03-24 07:47:22,2012-01-17 18:53:39
2011-10-25 05:24:44,2012-04-30 16:04:28
2012-04-30 15:49:43,2012-04-30 16:04:28
2011-09-20 10:14:51,2012-04-30 13:41:21
2012-04-30 16:04:27,2012-04-30 16:04:27
2011-03-03 19:49:33,2012-03-30 11:15:53
null,null
2012-02-17 22:45:48,2012-04-29 23:14:04
2010-04-30 20:37:14,2012-04-30 10:57:17
2012-03-30 03:40:34,2012-04-30 16:04:32
2009-06-26 18:56:01,2012-04-29 03:02:46
2011-08-03 09:08:54,2012-04-30 16:04:34
null,null
2011-07-04 15:35:13,2012-04-30 16:04:31
2012-04-28 20:48:37,2012-04-30 16:04:32
2010-08-12 16:28:09,2012-04-30 16:04:32
2011-07-27 04:14:41,2012-04-30 15:47:08
2012-04-28 20:48:37,2012-04-30 16:04:32
2012-03-19 23:03:02,2012-04-20 00:03:53
2012-01-27 14:25:48,2012-04-30 16:04:37
2012-01-27 14:25:48,2012-04-30 16:04:37
2012-04-23 13:09:26,2012-04-30 16:04:40
2011-08-25 10:57:28,2012-04-30 16:04:40
2012-04-14 04:41:06,2012-04-30 16:04:40
2012-02-26 22:56:10,2012-04-30 16:04:39
2012-04-20 14:27:19,2012-04-30 16:04:39
null,null
2012-03-28 18:25:27,2012-04-23 16:07:19
2011-10-13 15:58:58,2012-04-30 16:01:37
2009-02-16 17:22:24,2011-10-26 22:13:19
2008-04-11 02:19:47,2012-04-30 16:00:49
2012-04-30 16:04:46,2012-04-30 16:04:46
null,null
2011-03-03 09:58:38,2012-04-30 16:04:44
2012-04-29 20:10:48,2012-04-30 11:54:33
2012-03-14 23:39:09,2012-04-30 16:04:42
2011-12-06 21:21:58,2012-04-30 16:04:55
null,null
2012-01-03 08:57:20,2012-04-30 16:04:54
2012-04-30 16:04:55,2012-04-30 16:04:55
2012-04-03 12:18:20,2012-04-30 15:18:31
2012-03-04 15:29:16,2012-04-30 16:04:53
2012-04-30 16:04:54,2012-04-30 16:04:55
null,null
2012-04-06 03:26:36,2012-04-30 16:04:51
2011-12-08 17:54:41,2012-04-30 10:23:34
2011-04-26 10:00:33,2012-04-30 16:04:53
null,null
2008-05-21 17:47:42,2012-04-27 09:53:08
2012-04-15 00:52:13,2012-04-30 16:04:51
2009-03-21 16:11:19,2012-04-26 16:01:59
2011-08-25 10:57:28,2012-04-30 16:04:50
2011-12-13 22:25:15,2012-04-30 16:05:01
2010-12-09 11:00:48,2012-04-30 16:03:13
2009-06-11 08:13:20,2011-09-30 14:58:58
2011-10-28 19:58:59,2011-10-28 20:02:56
2010-08-22 23:04:50,2012-02-09 05:42:59
2012-04-30 15:54:37,2012-04-30 16:04:59
2011-07-23 16:12:03,2012-03-31 13:17:15
2012-04-30 10:19:05,2012-04-30 16:04:58
null,null
2010-12-11 02:48:31,2010-12-11 15:37:46
2011-11-22 10:25:54,2012-04-13 03:51:32
2012-04-17 12:56:29,2012-04-30 03:57:32
2012-04-07 10:21:42,2012-04-24 23:08:53
2012-01-18 22:57:27,2012-03-01 17:03:21
null,null
2012-04-18 06:07:41,2012-04-30 16:05:04
2012-04-14 03:06:59,2012-04-30 16:05:04
2012-04-21 01:04:25,2012-04-21 01:06:20
2012-03-09 08:54:38,2012-04-30 15:43:06
2011-10-17 19:20:01,2012-04-30 13:23:55
2012-04-29 08:09:52,2012-04-29 08:16:40
null,null
2011-12-16 21:39:56,2012-02-28 15:05:32
2011-12-16 21:39:56,2012-02-28 15:05:32
2011-08-31 22:35:34,2012-04-30 16:05:00
2010-12-20 18:27:43,2012-02-19 22:03:01
2010-12-20 18:27:43,2012-02-19 22:03:01
2011-03-21 18:38:01,2012-04-30 16:05:12
2012-04-28 17:26:28,2012-04-28 18:08:00
2012-04-26 01:26:39,2012-04-30 16:05:11
2012-04-30 15:44:29,2012-04-30 16:05:11
2012-01-25 09:41:36,2012-04-30 16:05:11
2012-04-10 12:23:51,2012-04-30 16:05:05
2011-11-29 15:24:38,2012-04-30 16:05:08
2012-04-21 14:39:38,2012-04-30 16:05:09
2012-04-26 03:44:46,2012-04-30 15:42:55
2012-04-26 03:44:46,2012-04-30 15:42:55
2012-04-21 14:39:38,2012-04-30 16:05:09
2011-01-27 19:30:43,2011-10-31 14:34:52
2012-04-20 17:56:14,2012-04-30 16:05:18
2011-01-30 16:21:26,2012-04-30 16:05:16
2011-08-10 15:12:49,2012-04-30 16:05:18
null,null
2012-02-08 03:18:18,2012-04-30 16:05:18
2012-02-08 03:18:18,2012-04-30 16:05:18
2011-10-24 13:22:21,2012-04-30 16:05:15
2012-02-20 15:16:39,2012-04-30 16:05:16
2011-10-28 19:58:59,2011-10-28 20:02:56
2009-09-19 11:19:13,2009-12-03 11:47:43
2012-04-24 19:02:45,2012-04-30 16:05:24
2011-09-11 19:05:40,2012-04-30 16:05:24
2012-04-30 16:03:25,2012-04-30 16:05:24
2012-04-26 15:05:17,2012-04-30 16:05:23
2010-07-09 09:53:12,2012-04-30 16:05:23
2011-09-19 10:16:22,2012-04-30 16:05:17
2012-04-28 07:55:21,2012-04-30 16:05:22
2012-04-23 20:50:15,2012-04-30 16:01:51
2012-02-12 13:19:45,2012-04-30 16:05:22
null,null
2010-01-07 23:05:13,2012-04-21 17:27:14
2012-04-02 19:53:25,2012-04-30 16:05:27
2012-04-29 15:52:38,2012-04-30 16:05:29
2012-01-20 01:09:18,2012-02-21 02:12:19
2012-02-27 17:34:42,2012-04-30 16:05:28
2011-10-29 02:06:57,2012-04-30 16:05:27
2012-04-24 20:19:31,2012-04-30 16:05:26
2011-10-17 20:09:04,2012-04-29 05:14:01
2011-11-21 19:40:24,2012-04-30 11:51:30
2012-03-11 16:00:12,2012-04-30 04:51:37
2011-09-20 10:14:51,2012-04-30 13:41:21
2011-07-12 03:41:27,2012-04-27 13:34:58
2008-03-05 18:55:38,2012-03-30 05:42:09
2011-10-13 15:58:58,2012-04-30 16:01:37
null,null
2011-09-03 01:38:46,2012-04-30 10:45:58
2012-03-13 12:18:14,2012-04-30 15:05:11
2011-09-23 10:17:50,2012-04-30 16:05:31
null,null
null,null
2012-04-20 03:27:30,2012-04-30 16:05:38
2012-04-25 10:23:22,2012-04-25 15:58:39
2012-04-30 16:03:25,2012-04-30 16:06:16
2012-03-23 21:16:54,2012-04-25 16:36:49
null,null
2009-03-04 23:55:23,2012-04-30 16:06:15
2012-04-30 16:06:15,2012-04-30 16:06:15
2012-02-26 03:17:54,2012-03-30 07:45:12
2012-04-24 18:45:01,2012-04-30 16:06:11
2012-03-04 16:25:50,2012-04-30 16:06:13
2011-06-18 11:29:43,2012-04-30 16:06:13
null,null
2009-06-15 22:54:37,2012-04-30 15:32:32
2011-11-22 20:05:04,2012-04-24 21:17:30
2011-11-22 20:05:04,2012-04-24 21:17:30
2009-07-08 15:36:29,2012-01-10 18:00:08
null,null
2012-04-25 18:51:20,2012-04-30 16:06:10
2009-07-08 15:36:29,2012-01-10 18:00:08
null,null
2012-04-30 14:12:34,2012-04-30 16:06:08
2012-04-30 16:06:08,2012-04-30 16:06:09
2012-03-06 12:56:26,2012-04-30 16:06:07
2012-02-27 16:17:15,2012-04-30 16:06:08
2011-11-19 21:55:33,2012-04-30 16:06:07
2012-01-23 09:54:43,2012-04-30 16:06:07
2012-01-07 08:31:17,2012-04-15 22:55:28
null,null
2012-04-26 23:39:01,2012-04-30 16:06:06
2011-09-03 01:38:46,2012-04-30 16:06:03
2012-03-30 00:39:57,2012-04-30 16:06:06
2011-12-25 15:11:08,2012-04-30 16:06:03
2011-04-07 00:23:40,2012-04-30 12:39:51
2012-04-30 15:08:10,2012-04-30 16:06:18
2012-01-19 10:34:20,2012-04-30 16:06:18
2010-01-20 16:20:47,2012-04-06 22:41:00
2012-04-15 00:52:13,2012-04-30 16:06:18
2012-04-30 16:06:17,2012-04-30 16:06:18
2010-02-26 10:56:27,2012-04-30 16:06:17
2012-04-29 17:59:41,2012-04-30 16:06:25
2011-07-18 16:46:44,2012-04-29 21:49:13
2011-09-17 23:02:10,2012-04-25 08:37:30
2012-04-15 22:36:13,2012-04-30 16:06:23
2012-04-29 12:58:30,2012-04-30 16:06:23
2011-04-05 21:26:58,2012-04-30 16:06:22
2011-10-17 05:31:53,2012-04-30 15:55:20
2012-03-12 15:07:35,2012-04-30 16:06:21
2012-02-03 11:04:17,2012-04-30 16:06:22
2012-03-26 19:08:03,2012-04-30 16:06:22
2012-04-29 19:44:26,2012-04-30 16:06:19
2012-01-22 12:34:05,2012-04-30 13:37:39
2012-01-22 12:34:05,2012-04-30 13:37:39
2012-04-15 12:50:35,2012-04-30 16:06:21
2012-04-30 15:46:41,2012-04-30 16:06:21
2010-03-23 18:58:01,2012-04-30 13:08:07
2012-04-30 14:54:39,2012-04-30 16:06:19
null,null
2012-02-23 08:39:03,2012-04-30 16:06:30
2011-10-10 07:15:59,2012-04-19 04:22:35
2012-04-14 09:49:43,2012-04-30 16:06:28
null,null
2011-03-25 08:05:25,2012-04-29 19:13:16
2012-04-28 20:39:26,2012-04-30 16:06:26
2010-04-08 18:40:45,2012-04-30 16:06:26
2011-12-10 20:25:09,2012-04-30 16:06:36
2011-09-06 16:37:44,2012-04-30 16:06:04
2011-03-01 02:46:06,2012-04-30 16:06:36
2011-03-15 22:15:25,2012-04-30 16:06:35
2010-05-14 20:07:36,2012-04-29 15:43:51
2010-05-05 12:58:02,2012-04-30 16:06:31
2012-04-30 15:55:30,2012-04-30 16:06:32
null,null
2012-04-30 15:54:37,2012-04-30 16:06:43
2010-09-15 05:20:04,2012-04-29 20:19:21
2010-06-04 02:42:05,2012-04-29 20:01:53
2011-09-03 01:38:46,2012-04-30 16:06:03
null,null
2012-03-23 19:18:51,2012-04-30 16:06:42
2012-03-13 12:19:06,2012-04-30 16:06:40
2012-04-08 09:28:37,2012-04-29 19:49:20
2009-03-21 22:32:25,2012-04-30 10:28:18
2011-08-05 05:16:52,2012-04-17 06:38:39
2012-04-26 17:21:48,2012-04-30 16:06:39
2010-08-26 19:54:26,2012-04-26 19:04:32
2012-04-23 21:39:04,2012-04-30 16:06:36
2010-12-08 02:09:13,2012-04-30 16:06:38
2012-04-27 08:14:19,2012-04-30 16:06:48
2011-12-14 22:19:36,2012-04-30 16:06:48
2012-04-16 15:36:59,2012-04-30 16:06:48
2012-02-10 05:16:36,2012-04-30 15:24:47
2012-02-10 05:16:36,2012-04-30 15:24:47
2010-04-06 11:11:59,2012-04-24 06:11:13
2011-02-18 10:07:33,2012-04-30 07:33:57
2011-04-05 21:26:58,2012-04-30 16:06:45
2011-12-03 18:28:43,2012-04-30 16:06:55
2010-12-20 18:27:43,2012-02-19 22:03:01
2012-04-14 04:41:06,2012-04-30 16:06:54
2012-03-18 23:40:37,2012-04-30 16:06:54
null,null
2012-02-02 22:58:14,2012-04-30 16:06:53
2012-04-29 01:09:49,2012-04-30 16:06:51
2010-12-08 04:09:53,2012-04-30 16:06:50
2012-04-30 15:56:39,2012-04-30 16:06:51
2012-03-16 17:02:57,2012-04-30 16:06:50
2012-02-22 02:51:45,2012-04-29 03:25:08
2011-11-30 20:28:58,2012-04-30 16:06:59
2009-05-18 16:24:53,2012-04-30 16:07:00
2012-04-28 14:53:35,2012-04-30 16:07:00
2011-10-28 01:17:06,2012-04-30 15:44:54
2012-04-03 12:19:04,2012-04-30 16:07:00
2011-08-30 15:40:28,2012-04-26 11:46:00
2011-09-20 10:14:51,2012-04-30 13:41:21
2012-04-30 15:45:16,2012-04-30 16:06:58
2011-12-06 16:48:30,2012-04-30 16:06:57
2012-04-17 17:40:48,2012-04-30 16:06:56
2012-01-03 19:50:25,2012-04-28 13:19:12
2011-09-29 00:15:39,2012-04-30 16:07:06
2012-04-23 15:43:20,2012-04-30 16:07:06
2012-04-20 05:25:58,2012-04-30 16:07:06
2009-03-21 22:32:25,2012-04-30 10:28:18
2012-04-20 05:25:58,2012-04-30 16:07:06
2011-04-06 16:20:57,2012-04-28 21:36:57
2012-04-26 05:29:52,2012-04-26 05:41:41
2012-04-29 22:17:48,2012-04-30 16:07:04
2012-04-30 15:45:14,2012-04-30 16:07:04
2012-02-26 14:20:23,2012-04-30 16:07:03
2011-12-20 22:18:16,2012-04-30 16:07:13
2011-11-17 16:43:10,2012-04-30 16:07:13
2010-11-19 18:05:06,2012-04-28 13:17:09
2012-04-28 21:01:09,2012-04-30 15:12:26
2011-11-16 17:12:53,2012-04-30 16:07:11
2012-04-30 16:07:10,2012-04-30 16:07:11
2012-02-02 11:27:03,2012-04-30 16:07:09
2012-04-26 10:12:57,2012-04-30 16:07:09
null,null
null,null
2011-09-29 14:11:06,2012-04-30 16:07:08
2010-07-09 09:53:12,2012-04-30 16:07:08
2008-04-11 02:19:47,2012-04-30 16:00:49
2012-03-14 16:20:19,2012-04-30 16:07:19
2011-09-20 10:14:51,2012-04-30 13:41:21
2012-04-17 16:36:31,2012-04-30 16:07:18
2012-04-27 09:52:01,2012-04-30 16:07:17
2011-05-11 20:15:37,2012-04-15 19:45:15
2011-02-24 06:57:19,2012-04-30 15:44:19
null,null
2012-02-22 00:26:48,2012-04-30 16:07:13
null,null
2012-04-03 15:24:59,2012-04-30 16:07:25
2012-04-30 16:01:14,2012-04-30 16:07:25
null,null
2011-10-22 03:14:46,2012-04-29 19:27:39
2010-10-28 21:07:17,2012-04-27 15:21:18
2009-10-30 01:38:05,2012-04-15 20:40:08
2009-04-09 09:07:45,2012-04-30 16:07:09
2012-04-30 16:06:17,2012-04-30 16:07:20
2011-03-25 08:05:25,2012-04-29 19:13:16
2011-12-16 21:39:56,2012-02-28 15:05:32
2011-12-16 21:39:56,2012-02-28 15:05:32
2011-10-31 14:28:45,null
2011-11-10 16:58:56,2012-04-30 16:07:31
2012-04-25 13:40:12,2012-04-30 16:07:30
2012-04-30 07:58:22,2012-04-30 16:07:30
2009-10-30 01:38:05,2012-04-15 20:40:08
2011-09-05 16:01:09,2012-04-27 15:44:26
2012-04-30 15:40:40,2012-04-30 15:53:27
2012-04-29 11:10:41,2012-04-30 16:07:27
2011-12-03 18:28:43,2012-04-30 16:07:26
2012-04-30 16:06:17,2012-04-30 16:07:38
2012-04-30 16:07:37,2012-04-30 16:07:38
2012-02-16 02:26:21,2012-04-16 20:43:40
2009-07-03 09:58:25,2012-04-30 16:07:35
2011-05-19 20:06:01,2012-04-30 16:07:34
2012-01-17 17:50:57,2012-04-30 16:07:34
2011-06-06 21:42:50,2012-04-27 13:45:15
2011-05-19 20:06:01,2012-04-30 16:07:34
2012-04-29 12:58:30,2012-04-30 16:07:44
2012-04-22 18:40:28,2012-04-30 16:07:43
2011-11-26 16:22:56,2012-04-30 16:07:42
2012-04-30 15:17:52,2012-04-30 16:07:41
2012-04-30 15:08:10,2012-04-30 16:07:40
2012-04-14 19:08:37,2012-04-30 16:07:40
2010-10-02 18:36:17,2012-04-30 16:07:36
2012-04-30 14:03:33,2012-04-30 16:07:38
2010-10-02 18:36:17,2012-04-30 16:07:36
2012-04-18 18:31:29,2012-04-18 21:22:20
2011-08-21 03:31:16,2012-04-26 07:22:50
null,null
2012-04-30 15:49:43,2012-04-30 16:07:46
2011-02-12 05:23:30,2012-04-30 04:13:23
2012-03-05 08:27:37,2012-04-30 16:07:44
2011-08-30 19:20:16,2012-04-30 16:07:44
2012-04-03 12:19:04,2012-04-30 16:07:56
2011-10-30 16:39:46,2012-04-30 16:07:55
2011-12-04 20:47:11,2012-04-30 16:07:55
2011-12-04 20:47:11,2012-04-30 16:07:55
2012-04-06 09:09:46,2012-04-30 16:07:55
2011-12-04 20:47:11,2012-04-30 16:07:55
2012-04-16 17:56:10,2012-04-30 16:07:54
2012-02-20 19:51:19,2012-04-30 16:07:54
2012-04-24 20:28:19,2012-04-30 16:07:54
2012-04-30 16:01:14,2012-04-30 16:07:53
2008-12-24 05:17:42,2012-04-30 00:42:18
2011-11-01 18:46:04,2012-04-30 16:07:50
2012-03-30 17:51:51,2012-04-30 16:07:50
2012-04-27 22:06:20,2012-04-30 16:07:50
2008-04-11 02:19:47,2012-04-30 16:00:49
2008-04-11 02:19:47,2012-04-30 16:00:49
2012-04-30 16:07:59,2012-04-30 16:07:59
2012-04-29 23:09:05,2012-04-30 16:07:58
2012-04-11 08:43:05,2012-04-30 16:07:57
2012-02-03 09:03:17,2012-04-30 16:07:56
2012-04-30 15:57:06,2012-04-30 16:07:55
2009-07-03 09:58:25,2012-04-30 16:07:55
2011-11-16 17:12:53,2012-04-30 16:07:56
2011-10-30 16:39:46,2012-04-30 16:07:55
2011-11-10 18:42:17,2012-04-30 15:51:29
2012-04-17 16:26:45,2012-04-30 16:08:08
2011-10-17 19:07:38,2012-04-30 16:08:06
2012-01-03 21:23:00,2012-04-30 16:08:06
2012-03-19 08:53:46,2012-04-30 16:08:06
2012-04-30 13:27:34,2012-04-30 16:08:04
2012-03-06 14:20:22,2012-04-30 16:08:04
2010-12-28 23:40:07,2012-04-30 13:45:45
2012-04-15 16:29:25,2012-04-29 15:21:13
2012-04-30 16:08:13,2012-04-30 16:08:13
2012-01-04 15:57:31,2012-04-30 16:08:13
2012-04-13 01:03:38,2012-04-30 16:08:12
null,null
2012-04-30 16:08:19,2012-04-30 16:08:19
2012-04-27 09:52:01,2012-04-30 16:07:17
2012-04-30 16:08:18,2012-04-30 16:08:19
2012-04-30 15:08:10,2012-04-30 16:08:16
2007-10-29 14:37:16,2012-04-22 07:02:37
2012-04-27 18:06:02,2012-04-30 16:08:15
2010-12-19 15:16:43,2012-04-30 15:52:25
2011-11-16 17:12:53,2012-04-30 16:08:24
2012-04-30 16:08:24,2012-04-30 16:08:25
2012-02-15 21:11:59,2012-04-30 16:08:24
2012-03-22 15:08:17,2012-04-30 16:08:24
2012-04-17 17:42:05,2012-04-30 16:08:23
2011-10-28 01:17:06,2012-04-30 16:08:21
2011-10-28 01:17:06,2012-04-30 16:08:21
2012-02-20 14:10:33,2012-04-30 16:08:20
2012-04-15 11:02:50,2012-04-30 16:08:31
2012-04-30 16:05:06,2012-04-30 16:08:30
2012-04-30 16:04:54,2012-04-30 16:08:30
2011-12-01 18:49:44,2012-04-30 16:08:28
2012-04-24 17:06:14,2012-04-30 16:08:28
2011-03-29 06:34:32,2012-04-30 15:57:31
2011-01-18 20:42:57,2012-04-30 16:08:27
null,null
2011-01-10 17:47:13,2012-04-27 08:35:58
2012-04-30 15:24:52,2012-04-30 15:47:05
2009-07-03 09:58:25,2012-04-30 16:08:37
null,null
2012-02-10 09:01:15,2012-04-30 16:08:36
2012-02-07 19:25:11,2012-04-30 16:08:35
2011-12-28 19:17:50,2012-04-30 16:08:35
null,null
2011-05-27 01:36:23,2012-04-30 06:23:46
2012-03-22 08:15:49,2012-04-11 11:15:47
2012-04-30 15:40:40,2012-04-30 15:53:27
2011-03-01 02:46:06,2012-04-30 16:06:36
null,null
2010-07-22 16:09:08,2012-04-30 16:08:34
2012-04-29 19:19:51,2012-04-30 16:08:42
2012-04-29 19:19:51,2012-04-30 16:08:42
null,null
2011-05-05 14:37:56,2011-07-14 15:14:14
2012-04-03 12:19:04,2012-04-30 16:08:41
2012-04-30 16:08:40,2012-04-30 16:08:40
2011-01-08 16:06:39,2011-03-01 04:34:51
2012-04-30 16:08:38,2012-04-30 16:08:38
2012-04-30 11:52:31,2012-04-30 14:45:50
2011-05-23 17:52:48,2012-04-30 09:54:01
2011-08-21 03:31:16,2012-04-26 07:22:50
2011-10-10 14:38:43,2012-04-30 16:08:47
2011-09-07 09:24:08,2012-04-30 13:08:06
2010-01-15 16:41:28,2012-04-30 16:08:48
2011-09-16 12:50:59,2012-04-30 16:08:49
2011-05-20 14:58:40,2012-04-30 16:08:48
2011-09-07 09:24:08,2012-04-30 13:08:06
2012-03-29 21:27:09,2012-04-30 16:08:46
2011-07-29 21:19:00,2012-04-26 05:19:50
2012-04-30 15:29:46,2012-04-30 16:08:45
2012-02-17 22:45:48,2012-04-29 23:14:04
2012-04-28 01:50:36,2012-04-30 16:08:45
2009-05-08 18:16:50,2012-04-30 16:08:44
2012-04-20 14:55:08,2012-04-30 16:08:45
2011-06-03 19:56:33,2012-04-30 15:04:20
2012-04-28 02:47:18,2012-04-30 15:50:52
2012-04-20 01:12:31,2012-04-30 16:08:55
null,null
2012-04-29 12:58:30,2012-04-30 16:08:55
2012-04-28 20:43:18,2012-04-30 16:08:55
2010-12-19 15:16:43,2012-04-30 15:52:25
2011-01-12 22:36:50,2011-01-12 22:52:16
2012-04-30 14:43:57,2012-04-30 15:57:56
null,null
2011-08-30 19:20:16,2012-04-30 16:07:44
2012-04-30 16:08:19,2012-04-30 16:08:19
2012-04-29 08:55:22,2012-04-30 16:08:53
2009-05-18 16:24:53,2012-04-30 16:08:50
2012-04-27 09:34:45,2012-04-30 16:09:01
2012-04-24 07:08:32,2012-04-30 16:09:00
2012-04-30 14:43:57,2012-04-30 15:57:56
2012-04-30 11:52:31,2012-04-30 14:45:50
2011-06-04 00:48:22,2012-04-25 22:02:02
2012-03-28 16:38:27,2012-04-30 16:09:00
2012-03-18 04:38:42,2012-04-26 22:20:25
2011-12-14 05:15:37,2011-12-30 19:24:56
2010-03-23 18:15:52,2011-10-04 22:00:01
null,null
2011-11-08 15:01:00,2012-04-29 18:18:30
2009-08-08 20:44:33,2012-04-30 16:09:06
2012-04-25 10:23:22,2012-04-25 15:58:39
2010-08-01 14:01:51,2012-04-30 16:09:02
2012-04-14 19:08:37,2012-04-30 16:09:02
2012-04-10 20:26:33,2012-04-30 15:36:54
null,null
2012-03-23 14:47:36,2012-03-23 14:50:41
2011-12-01 15:36:10,2012-04-30 16:09:13
2012-02-26 14:20:23,2012-04-30 16:09:12
2012-04-30 16:09:12,2012-04-30 16:09:13
2010-09-29 11:28:08,2012-04-01 13:09:46
2011-10-09 16:00:30,2012-04-30 16:09:11
2012-04-03 12:19:04,2012-04-30 16:09:11
2012-04-30 15:40:40,2012-04-30 15:53:27
2011-12-21 17:20:24,2012-04-30 14:59:40
2011-12-31 09:13:47,2012-04-27 17:16:29
2012-03-28 16:38:27,2012-04-30 16:09:09
2011-09-19 13:25:52,2012-04-30 16:09:09
2012-04-28 09:09:33,2012-04-30 16:09:18
2010-09-30 19:41:28,2012-04-30 14:21:16
2010-09-30 19:41:28,2012-04-30 14:21:16
2011-05-19 21:47:47,2012-04-30 15:45:56
2012-03-23 18:27:07,2012-04-30 16:09:13
null,null
2012-03-08 04:44:48,2012-04-24 06:46:52
2011-12-27 16:27:45,2012-04-30 16:09:26
2010-11-19 18:09:42,2012-04-30 16:09:25
2012-03-06 02:12:20,2012-04-30 15:24:57
2012-03-06 02:12:20,2012-04-30 15:24:57
2012-04-30 16:09:24,2012-04-30 16:09:24
2011-05-11 15:26:24,2012-04-30 16:09:24
2012-03-14 23:39:09,2012-04-30 16:09:23
2012-01-20 20:06:46,2012-04-30 16:09:24
2011-07-08 15:22:57,2012-04-30 16:09:23
2010-07-22 02:04:27,2012-04-30 16:09:18
2012-03-07 14:06:56,2012-04-03 15:21:37
2010-07-22 02:04:27,2012-04-30 16:09:18
2012-01-12 23:10:47,2012-04-30 16:09:21
2012-01-31 00:00:41,2012-04-30 16:09:21
2012-03-18 04:38:42,2012-04-26 22:20:25
2011-07-06 13:14:16,2012-04-27 20:30:31
2012-04-30 16:08:19,2012-04-30 16:08:19
2011-10-09 16:00:30,2012-04-30 16:09:21
2009-07-03 09:58:25,2012-04-30 16:09:20
2009-05-20 19:38:37,2012-04-30 14:17:23
2012-04-13 11:09:17,2012-04-13 11:14:39
2011-11-30 07:23:32,2012-04-01 21:07:46
2012-04-30 14:57:09,2012-04-30 16:09:31
2011-02-01 17:46:38,2012-04-30 11:12:17
2008-04-11 02:19:47,2012-04-30 16:00:49
2010-12-02 08:29:30,2011-06-20 06:00:32
2012-04-21 16:43:10,2012-04-27 23:36:27
2012-04-06 09:09:46,2012-04-30 16:09:29
2012-04-29 16:59:13,2012-04-30 16:09:30
2012-03-02 22:45:27,2012-04-30 16:09:30
2011-09-26 16:56:34,2012-04-25 16:02:46
2012-04-30 15:40:40,2012-04-30 15:53:27
2011-05-24 04:23:15,2012-04-15 03:09:16
2012-04-29 22:39:18,2012-04-30 16:09:27
2012-03-02 21:51:33,2012-04-25 01:36:42
2012-04-28 02:47:18,2012-04-30 15:50:52
2012-04-29 21:05:50,2012-04-30 16:09:37
2012-01-12 17:36:07,2012-04-30 16:09:36
2012-04-28 17:05:43,2012-04-30 16:09:36
null,null
2011-09-16 21:37:31,2012-04-30 16:09:35
2011-11-28 16:46:32,2012-04-27 14:38:32
2012-02-02 10:11:17,2012-04-25 12:59:00
2011-07-29 21:19:00,2012-04-26 05:19:50
2011-02-28 16:56:26,2012-03-31 19:03:45
2012-01-06 08:48:03,2012-04-20 11:41:59
2012-04-30 08:40:24,2012-04-30 16:09:32
2012-04-30 08:40:24,2012-04-30 16:09:32
2011-08-22 04:42:14,2012-04-29 09:03:03
2011-08-22 04:42:14,2012-04-29 09:03:03
2012-04-16 14:34:07,2012-04-30 16:09:42
2012-04-30 16:05:06,2012-04-30 16:09:42
2011-11-08 15:01:00,2012-04-29 18:18:30
2012-04-30 16:09:42,2012-04-30 16:09:42
2011-07-14 16:18:17,2012-04-30 16:09:40
2009-06-17 16:36:36,2012-04-18 15:57:27
2012-03-13 14:52:43,2012-04-30 16:09:38
2012-04-19 03:11:04,2012-04-30 16:09:38
2011-10-20 21:13:43,2012-04-30 16:09:49
2012-04-30 16:09:48,2012-04-30 16:09:49
2012-04-25 10:23:22,2012-04-25 15:58:39
2010-12-05 00:12:26,2012-04-05 14:48:53
2010-12-05 00:12:26,2012-04-05 14:48:53
2012-04-20 14:55:08,2012-04-30 16:09:47
2012-04-21 16:43:10,2012-04-27 23:36:27
2011-02-08 06:55:17,2011-05-10 20:11:47
2012-03-25 14:55:36,2012-04-11 05:54:58
2010-09-14 11:22:39,2012-04-30 16:09:53
2012-01-19 02:52:56,2012-04-30 16:09:55
2012-02-24 12:58:26,2012-04-30 16:09:54
2012-04-15 21:20:13,2012-04-30 16:09:54
2012-04-16 12:23:19,2012-04-30 16:09:54
2010-06-23 01:05:42,2012-04-29 19:20:28
null,null
2011-07-29 21:19:00,2012-04-26 05:19:50
2012-03-23 04:52:12,2012-04-30 16:09:52
2012-02-19 09:22:48,2012-04-30 16:09:51
2011-10-10 14:38:43,2012-04-30 16:09:52
2008-04-17 18:19:13,2012-04-26 10:24:45
2012-04-30 16:09:51,2012-04-30 16:09:51
2012-04-20 17:37:29,2012-04-30 16:09:50
2012-04-30 16:09:50,2012-04-30 16:09:50
2012-04-30 16:10:01,2012-04-30 16:10:02
2012-04-25 16:46:43,2012-04-30 16:10:01
null,null
2012-04-30 16:10:00,2012-04-30 16:10:01
2010-10-02 18:36:17,2012-04-30 16:09:59
2012-04-29 17:13:32,2012-04-30 16:10:00
2012-04-15 12:50:35,2012-04-30 16:06:21
2012-04-30 15:54:32,2012-04-30 16:09:57
2012-04-30 16:03:25,2012-04-30 16:09:58
2011-11-16 17:12:53,2012-04-30 16:09:58
2012-04-30 15:24:52,2012-04-30 15:47:05
null,null
2012-01-29 22:18:44,2012-04-30 16:09:56
2012-04-24 22:26:35,2012-04-30 16:09:57
2012-04-26 16:12:06,2012-04-30 16:09:57
2012-04-15 12:50:35,2012-04-30 16:06:21
2011-08-19 19:49:17,2012-04-30 16:09:56
2012-04-25 06:58:14,2012-04-30 16:10:07
2010-07-08 20:46:07,2012-04-30 14:30:42
2011-05-19 21:47:47,2012-04-30 15:45:56
null,null
null,null
2011-02-07 00:03:06,2012-04-30 06:53:27
2010-12-23 04:58:39,2012-02-16 07:49:07
2012-02-01 00:30:04,2012-02-08 18:20:03
2011-07-05 11:16:30,2012-04-26 12:12:02
2012-04-28 07:55:21,2012-04-30 16:10:05
2012-03-28 16:38:27,2012-04-30 16:10:05
2011-06-06 08:58:17,2012-04-30 16:09:21
2012-04-14 04:18:58,2012-04-30 16:10:02
2011-12-01 09:57:36,2012-04-30 16:10:01
2012-04-20 11:31:53,2012-04-30 16:10:14
2012-02-02 07:23:37,2012-04-30 16:10:11
2008-03-10 14:45:35,2012-04-30 14:15:05
2012-04-30 16:01:14,2012-04-30 16:10:11
2008-04-11 02:19:47,2012-04-30 16:00:49
2011-05-31 11:47:47,2012-04-30 16:10:19
2011-06-30 22:03:24,2012-04-28 20:09:29
2012-04-29 23:09:05,2012-04-30 16:07:58
2012-04-29 22:22:44,2012-04-30 16:10:19
2011-11-29 15:24:38,2012-04-30 16:10:18
null,null
2010-02-03 14:22:34,2012-04-30 16:10:17
2010-09-15 05:20:04,2012-04-29 20:19:21
2010-01-26 00:46:38,2012-04-29 22:24:07
null,null
null,null
2011-01-25 18:07:21,2012-04-30 16:10:15
2012-04-25 01:16:36,2012-04-30 01:53:50
2010-01-26 00:46:38,2012-04-29 22:24:07
2011-09-05 12:55:55,2012-04-30 16:10:25
2011-04-21 07:01:50,2012-04-30 12:50:18
2012-02-19 22:27:57,2012-04-30 16:10:22
2009-11-21 21:04:56,2012-04-30 16:10:22
2009-11-21 21:04:56,2012-04-30 16:10:22
2012-04-18 18:31:29,2012-04-30 16:10:24
2011-09-20 08:39:09,2012-04-30 16:10:22
2011-01-25 18:07:21,2012-04-30 16:10:22
2012-04-09 08:42:16,2012-04-30 16:10:22
null,null
2012-04-30 16:10:01,2012-04-30 16:10:21
2011-01-24 13:41:30,2012-04-30 16:10:20
2010-07-22 18:06:36,2012-04-30 16:10:21
2011-09-07 19:50:06,2012-04-30 16:10:25
2012-04-26 14:19:55,2012-04-30 16:10:28
2012-04-26 14:19:55,2012-04-30 16:10:28
2011-07-11 18:30:42,2012-04-30 16:10:28
2012-04-20 20:13:46,2012-04-30 16:10:26
2012-02-24 14:47:06,2012-04-30 16:10:28
2012-01-13 17:35:42,2012-04-27 09:14:43
2012-02-25 15:49:05,2012-04-30 16:10:27
2012-04-18 18:31:29,2012-04-30 16:10:24
2012-03-29 14:46:05,2012-04-30 16:10:26
2009-06-27 22:54:51,2012-04-29 06:48:06
2012-04-30 15:56:39,2012-04-30 16:10:24
2012-04-30 15:53:44,2012-04-30 16:10:26
2012-04-30 15:39:08,2012-04-30 16:10:33
2012-04-30 15:38:23,2012-04-30 16:10:37
2009-11-21 21:04:56,2012-04-30 16:10:22
2010-12-20 20:13:58,2012-04-27 17:24:27
2012-04-30 15:49:43,2012-04-30 16:10:35
2012-04-18 13:44:00,2012-04-30 16:10:34
2012-01-18 21:56:44,2012-04-30 16:10:34
2012-02-29 23:05:42,2012-04-30 16:10:32
2012-04-30 15:41:43,2012-04-30 16:10:32
2012-04-30 14:43:57,2012-04-30 15:57:56
null,null
2012-04-30 15:40:40,2012-04-30 15:53:27
2011-09-30 15:33:57,2012-04-30 16:10:40
2011-12-13 17:27:19,2012-04-30 16:10:40
2011-10-27 21:49:57,2012-04-27 16:10:05
2012-04-29 21:56:54,2012-04-30 16:10:40
2012-04-30 16:09:42,2012-04-30 16:09:42
2012-02-29 19:50:37,2012-04-30 16:10:39
2012-04-30 15:12:22,2012-04-30 16:10:38
2012-04-11 15:50:05,2012-04-30 16:10:38
2011-04-04 20:43:08,2012-04-25 09:16:27
2012-04-07 20:47:55,2012-04-28 15:52:34
2010-04-30 20:37:14,2012-04-30 10:57:17
2012-04-30 16:05:06,2012-04-30 16:10:47
2011-10-20 18:07:47,2012-04-30 16:10:44
2012-04-30 16:10:45,2012-04-30 16:10:45
2011-09-04 22:48:12,2012-04-29 22:27:13
null,null
2011-08-23 02:14:31,2012-04-30 03:29:09
2010-01-19 14:40:34,2012-04-30 15:48:41
null,null
2012-01-30 23:33:17,2012-04-30 16:10:54
2008-03-10 14:45:35,2012-04-30 14:15:05
2012-01-30 23:33:17,2012-04-30 16:10:54
2010-08-10 11:49:55,2011-08-21 13:36:54
2011-10-17 05:31:53,2012-04-30 15:55:20
2012-04-30 16:10:53,2012-04-30 16:10:54
2012-04-30 16:10:53,2012-04-30 16:10:53
2012-01-18 21:56:44,2012-04-30 16:10:34
2012-02-07 19:25:11,2012-04-30 16:10:49
2012-04-26 17:17:21,2012-04-30 16:11:01
2012-01-30 23:33:17,2012-04-30 16:10:54
2012-04-25 13:54:59,2012-04-30 16:11:00
2010-06-30 08:39:42,2012-04-27 11:56:11
2011-11-28 16:46:32,2012-04-27 14:38:32
2012-03-29 19:24:41,2012-04-30 16:10:59
2012-03-19 12:42:01,2012-04-30 16:10:57
2012-04-24 00:18:09,2012-04-30 16:10:57
2012-04-30 15:59:45,2012-04-30 16:10:55
2010-12-07 15:03:21,2012-04-27 23:04:53
2011-08-30 19:20:16,2012-04-30 16:07:44
2012-04-28 10:11:52,2012-04-30 16:11:07
2012-04-30 16:11:03,2012-04-30 16:11:04
null,null
2012-04-30 15:46:06,2012-04-30 16:11:03
2012-04-30 16:11:03,2012-04-30 16:11:03
2011-12-13 10:13:55,2012-01-27 18:33:32
2012-04-19 12:16:04,2012-04-26 13:28:54
2012-04-29 22:17:48,2012-04-30 16:11:13
2012-04-25 15:17:32,2012-04-30 16:11:12
2012-04-30 16:11:11,2012-04-30 16:11:12
null,null
2012-02-26 22:56:10,2012-04-30 16:11:11
2008-04-11 02:19:47,2012-04-30 16:00:49
2010-07-14 20:41:34,2012-04-26 19:52:15
2011-07-01 04:39:34,2012-04-30 16:11:19
2011-07-01 04:39:34,2012-04-30 16:11:19
2011-11-26 16:22:56,2012-04-30 16:11:20
2012-04-20 20:13:46,2012-04-30 16:11:19
2011-09-05 12:55:55,2012-04-30 16:10:25
2012-04-29 03:56:29,2012-04-30 15:43:06
2010-12-28 23:27:33,2012-04-30 16:11:18
2012-01-14 14:57:05,2012-04-30 16:11:17
2012-03-04 15:29:16,2012-04-30 16:11:17
2012-04-28 01:01:32,2012-04-30 16:11:20
2012-02-26 14:07:36,2012-04-30 16:11:15
2011-01-19 15:50:38,2012-04-27 22:10:50
2011-01-26 16:28:33,2012-04-30 16:11:15
2010-02-11 18:08:02,2012-04-28 14:07:13
2012-04-26 13:29:47,2012-04-30 16:11:15
2010-12-06 15:46:29,2012-04-30 16:11:15
2012-04-30 16:10:01,2012-04-30 16:11:14
2012-04-18 17:33:14,2012-04-30 16:11:24
